{"cameraMode":{"drawMode":0,"name":"Shaded","section":"Shading Mode"},"sceneLighting":true,"audioPlay":false,"sceneViewState":{"showFog":false,"showMaterialUpdate":false,"showSkybox":false,"showFlares":false,"showImageEffects":false,"showParticleSystems":false},"in2DMode":false,"pivot":{"x":63.3138427734375,"y":-4.585365295410156,"z":902.9319458007813},"rotation":{"x":-0.04985739663243294,"y":-0.7047173380851746,"z":0.049762383103370669,"w":-0.7059825658798218},"size":1124.5230712890625,"orthographic":true}