{"cameraMode":{"drawMode":0,"name":"Shaded","section":"Shading Mode"},"sceneLighting":true,"audioPlay":false,"sceneViewState":{"showFog":false,"showMaterialUpdate":false,"showSkybox":false,"showFlares":false,"showImageEffects":false,"showParticleSystems":false},"in2DMode":false,"pivot":{"x":434.92706298828127,"y":1198.77587890625,"z":65.904541015625},"rotation":{"x":0.037487879395484927,"y":0.013490816578269005,"z":-0.000506406940985471,"w":0.9992059469223023},"size":2922.68408203125,"orthographic":false}