{"cameraMode":{"drawMode":0,"name":"Shaded","section":"Shading Mode"},"sceneLighting":true,"audioPlay":false,"sceneViewState":{"showFog":false,"showMaterialUpdate":false,"showSkybox":false,"showFlares":false,"showImageEffects":false,"showParticleSystems":false},"in2DMode":false,"pivot":{"x":-1.0384292602539063,"y":-123.61143493652344,"z":767.0},"rotation":{"x":0.03749147430062294,"y":0.004496504087001085,"z":-0.0001683677692199126,"w":0.9992868900299072},"size":1095.392578125,"orthographic":false}