{"cameraMode":{"drawMode":0,"name":"Shaded","section":"Shading Mode"},"sceneLighting":true,"audioPlay":false,"sceneViewState":{"showFog":false,"showMaterialUpdate":false,"showSkybox":false,"showFlares":false,"showImageEffects":false,"showParticleSystems":false},"in2DMode":false,"pivot":{"x":61.52709197998047,"y":248.80223083496095,"z":2179.14208984375},"rotation":{"x":-0.02099831961095333,"y":-0.0014994837110862136,"z":0.000031482803024118766,"w":-0.9997783899307251},"size":3634.797119140625,"orthographic":false}