{"cameraMode":{"drawMode":0,"name":"Shaded","section":"Shading Mode"},"sceneLighting":true,"audioPlay":false,"sceneViewState":{"showFog":false,"showMaterialUpdate":false,"showSkybox":false,"showFlares":false,"showImageEffects":false,"showParticleSystems":false},"in2DMode":false,"pivot":{"x":601.1651000976563,"y":1366.0968017578125,"z":18.483642578125},"rotation":{"x":-0.008999745361506939,"y":0.0015001241117715836,"z":-0.000013511904398910701,"w":-0.9999583959579468},"size":2863.53857421875,"orthographic":false}