{"cameraMode":{"drawMode":0,"name":"Shaded","section":"Shading Mode"},"sceneLighting":true,"audioPlay":false,"sceneViewState":{"showFog":false,"showMaterialUpdate":false,"showSkybox":false,"showFlares":false,"showImageEffects":false,"showParticleSystems":false},"in2DMode":false,"pivot":{"x":-0.06804092228412628,"y":0.4462270736694336,"z":-0.04419436305761337},"rotation":{"x":0.0030012268107384445,"y":0.7002782225608826,"z":-0.7138576507568359,"w":0.0029435090254992248},"size":5.812880992889404,"orthographic":false}