{"cameraMode":{"drawMode":0,"name":"Shaded","section":"Shading Mode"},"sceneLighting":true,"audioPlay":false,"sceneViewState":{"showFog":false,"showMaterialUpdate":false,"showSkybox":false,"showFlares":false,"showImageEffects":false,"showParticleSystems":false},"in2DMode":false,"pivot":{"x":1.6971864700317383,"y":172.68093872070313,"z":0.50054931640625},"rotation":{"x":0.001500023645348847,"y":0.0029999888502061369,"z":-0.000004497048848861596,"w":0.9999944567680359},"size":335.8533020019531,"orthographic":false}