{"cameraMode":{"drawMode":0,"name":"Shaded","section":"Shading Mode"},"sceneLighting":true,"audioPlay":false,"sceneViewState":{"showFog":false,"showMaterialUpdate":false,"showSkybox":false,"showFlares":false,"showImageEffects":false,"showParticleSystems":false},"in2DMode":false,"pivot":{"x":-2.511275291442871,"y":-3.825922966003418,"z":-0.5058069229125977},"rotation":{"x":-0.021599343046545984,"y":0.7333604693412781,"z":-0.6790963411331177,"w":-0.023326050490140916},"size":8.136208534240723,"orthographic":false}