{"cameraMode":{"drawMode":0,"name":"Shaded","section":"Shading Mode"},"sceneLighting":true,"audioPlay":false,"sceneViewState":{"showFog":false,"showMaterialUpdate":false,"showSkybox":false,"showFlares":false,"showImageEffects":false,"showParticleSystems":false},"in2DMode":false,"pivot":{"x":0.9713561534881592,"y":3.3530995845794679,"z":0.03280867636203766},"rotation":{"x":0.14568711817264558,"y":-0.4838836193084717,"z":0.0820656344294548,"w":0.8590094447135925},"size":9.229240417480469,"orthographic":false}