{"cameraMode":{"drawMode":0,"name":"Shaded","section":"Shading Mode"},"sceneLighting":true,"audioPlay":false,"sceneViewState":{"showFog":false,"showMaterialUpdate":false,"showSkybox":false,"showFlares":false,"showImageEffects":false,"showParticleSystems":false},"in2DMode":false,"pivot":{"x":-1.9590460062026978,"y":-1.3953447341918946,"z":-1.536165475845337},"rotation":{"x":0.8127744793891907,"y":-6.195300983335983e-8,"z":-5.765400246104946e-8,"w":0.5825784802436829},"size":8.411788940429688,"orthographic":true}