{"cameraMode":{"drawMode":0,"name":"Shaded","section":"Shading Mode"},"sceneLighting":true,"audioPlay":false,"sceneViewState":{"showFog":false,"showMaterialUpdate":false,"showSkybox":false,"showFlares":false,"showImageEffects":false,"showParticleSystems":false},"in2DMode":false,"pivot":{"x":530.4199829101563,"y":1211.800048828125,"z":0.0},"rotation":{"x":-0.008999745361506939,"y":-0.0014997535618022085,"z":0.000013487354408425745,"w":-0.9999583959579468},"size":510.97894287109377,"orthographic":false}