{"cameraMode":{"drawMode":0,"name":"Shaded","section":"Shading Mode"},"sceneLighting":true,"audioPlay":false,"sceneViewState":{"showFog":false,"showMaterialUpdate":false,"showSkybox":false,"showFlares":false,"showImageEffects":false,"showParticleSystems":false},"in2DMode":false,"pivot":{"x":-3.2000632286071779,"y":-1.4286394119262696,"z":-0.5157768726348877},"rotation":{"x":-0.26763635873794558,"y":0.7294158339500427,"z":-0.40513724088668826,"w":-0.4818580448627472},"size":7.419902324676514,"orthographic":false}