{"cameraMode":{"drawMode":0,"name":"Shaded","section":"Shading Mode"},"sceneLighting":true,"audioPlay":false,"sceneViewState":{"showFog":false,"showMaterialUpdate":false,"showSkybox":false,"showFlares":false,"showImageEffects":false,"showParticleSystems":false},"in2DMode":false,"pivot":{"x":-3.3912134170532228,"y":-2.899871349334717,"z":-0.8293678760528565},"rotation":{"x":-0.20184706151485444,"y":0.7824764847755432,"z":-0.3188997209072113,"w":-0.49526897072792055},"size":10.2813720703125,"orthographic":false}