{"cameraMode":{"drawMode":0,"name":"Shaded","section":"Shading Mode"},"sceneLighting":true,"audioPlay":false,"sceneViewState":{"showFog":false,"showMaterialUpdate":false,"showSkybox":false,"showFlares":false,"showImageEffects":false,"showParticleSystems":false},"in2DMode":false,"pivot":{"x":411.8312683105469,"y":1316.4130859375,"z":4.637451171875},"rotation":{"x":-0.008999745361506939,"y":-0.0014997535618022085,"z":0.000013487354408425745,"w":-0.9999583959579468},"size":2208.259765625,"orthographic":false}