{"cameraMode":{"drawMode":0,"name":"Shaded","section":"Shading Mode"},"sceneLighting":true,"audioPlay":false,"sceneViewState":{"showFog":false,"showMaterialUpdate":false,"showSkybox":false,"showFlares":false,"showImageEffects":false,"showParticleSystems":false},"in2DMode":false,"pivot":{"x":0.02470128983259201,"y":0.20617417991161347,"z":-0.004414983093738556},"rotation":{"x":0.14557477831840516,"y":0.3355155885219574,"z":-0.052562166005373,"w":0.9292333126068115},"size":2.527958393096924,"orthographic":false}