{"cameraMode":{"drawMode":0,"name":"Shaded","section":"Shading Mode"},"sceneLighting":true,"audioPlay":false,"sceneViewState":{"showFog":false,"showMaterialUpdate":false,"showSkybox":false,"showFlares":false,"showImageEffects":false,"showParticleSystems":false},"in2DMode":false,"pivot":{"x":-0.7373411059379578,"y":-5.322220325469971,"z":-3.7108964920043947},"rotation":{"x":-0.017100302502512933,"y":0.9828445315361023,"z":-0.13499784469604493,"w":-0.12449811398983002},"size":6334.53369140625,"orthographic":false}