{"cameraMode":{"drawMode":0,"name":"Shaded","section":"Shading Mode"},"sceneLighting":true,"audioPlay":false,"sceneViewState":{"showFog":false,"showMaterialUpdate":false,"showSkybox":false,"showFlares":false,"showImageEffects":false,"showParticleSystems":false},"in2DMode":false,"pivot":{"x":542.3362426757813,"y":1066.1339111328125,"z":-1.6089494228363038},"rotation":{"x":0.07343366742134094,"y":-0.001495627104304731,"z":0.00011163293675053865,"w":0.997299075126648},"size":633.4019775390625,"orthographic":true}