{"cameraMode":{"drawMode":0,"name":"Shaded","section":"Shading Mode"},"sceneLighting":true,"audioPlay":false,"sceneViewState":{"showFog":false,"showMaterialUpdate":false,"showSkybox":false,"showFlares":false,"showImageEffects":false,"showParticleSystems":false},"in2DMode":false,"pivot":{"x":771.0223999023438,"y":1175.899169921875,"z":-55.3035888671875},"rotation":{"x":-0.012000982649624348,"y":0.0029998861718922855,"z":-0.00003615286550484598,"w":-0.9999235272407532},"size":1729.1455078125,"orthographic":false}