{"cameraMode":{"drawMode":0,"name":"Shaded","section":"Shading Mode"},"sceneLighting":true,"audioPlay":false,"sceneViewState":{"showFog":false,"showMaterialUpdate":false,"showSkybox":false,"showFlares":false,"showImageEffects":false,"showParticleSystems":false},"in2DMode":false,"pivot":{"x":-0.5309611558914185,"y":-0.0117340087890625,"z":-0.3487952649593353},"rotation":{"x":-0.029261434450745584,"y":0.8951882719993591,"z":-0.4407370388507843,"w":-0.0594354085624218},"size":4.91290283203125,"orthographic":false}