{"cameraMode":{"drawMode":0,"name":"Shaded","section":"Shading Mode"},"sceneLighting":true,"audioPlay":false,"sceneViewState":{"showFog":false,"showMaterialUpdate":false,"showSkybox":false,"showFlares":false,"showImageEffects":false,"showParticleSystems":false},"in2DMode":false,"pivot":{"x":0.13241328299045564,"y":78.60276794433594,"z":432.7391357421875},"rotation":{"x":0.06291582435369492,"y":0.21680192649364472,"z":-0.014003157615661621,"w":0.9740855097770691},"size":548.41943359375,"orthographic":false}