{"cameraMode":{"drawMode":0,"name":"Shaded","section":"Shading Mode"},"sceneLighting":true,"audioPlay":false,"sceneViewState":{"showFog":false,"showMaterialUpdate":false,"showSkybox":false,"showFlares":false,"showImageEffects":false,"showParticleSystems":false},"in2DMode":false,"pivot":{"x":504.482421875,"y":1126.555419921875,"z":583.7752685546875},"rotation":{"x":0.03448444977402687,"y":0.02248476818203926,"z":-0.0007760386215522885,"w":0.9991520047187805},"size":2019.7972412109375,"orthographic":true}