{"cameraMode":{"drawMode":0,"name":"Shaded","section":"Shading Mode"},"sceneLighting":true,"audioPlay":false,"sceneViewState":{"showFog":false,"showMaterialUpdate":false,"showSkybox":false,"showFlares":false,"showImageEffects":false,"showParticleSystems":false},"in2DMode":false,"pivot":{"x":-0.6324115991592407,"y":-0.007633209228515625,"z":-0.5342755913734436},"rotation":{"x":-0.341420441865921,"y":0.3369194567203522,"z":-0.1326211541891098,"w":-0.8673689961433411},"size":7.522171974182129,"orthographic":false}